ID,part_number,images
14083,10 3000,10-3000-3010-apex-group-Ebay-13.webp
14084,10 3010,10-3000-3010-apex-group-Ebay-15.webp
14085,10 3210,10-3210-apex-group-box-Ebay-7.webp
14065,10 5300,10-5300-5310-apex-group-box-Ebay-7.webp
14066,10 5310,10-5300-5310-apex-group-box-Ebay-8.webp
14068,10 5320,10-5320-apex-group-box-Ebay-4.webp
14069,10 5330,10-5330-apex-group-box-Ebay-4.webp
14067,10 5340,10-5340-apex-box-group-Ebay-4.webp
14051,10 7010,10-7010-apex-group-box-Ebay-4.webp
14054,10 7200,10-7200-apex-group-box-Ebay-7.webp
14056,10 7210,10-7210-apex-group-box-Ebay-16.webp
14055,10 7230,10-7230-apex-group-box-Ebay-4.webp
14057,10 7240,10-7240-apex-group-box-Ebay-7.webp
14058,10 7250,10-7250-apex-group-box-Ebay-16.webp
14059,10 7400,10-7400-7405-apex-group-box-Ebay-7.webp
14061,10 7405,10-7400-7405-apex-group-box-Ebay-8.webp
14060,10 7410,10-7410-apex-group-box-Ebay-4.webp
14062,10 7415,10-7415-apex-group-box-Ebay-4.webp
14063,10 7430,10-7430-apex-group-box-Ebay-4.webp
14064,10 7440,10-7440-apex-group-box-Ebay-4.webp
14034,10 8000,10-8000-8040-apex-group-box-Ebay-7.webp
14036,10 8040,10-8000-8040-apex-group-box-Ebay-8.webp
14037,10 8200,10-8200-apex-group-box-Ebay-7.webp
14038,10 8210,10-8210-apex-group-Ebay-10.webp
14039,10 8250,Apex-generic-placeholder-image-1.webp
14047,10 8400,10-8400-apex-group-box-Ebay-7.webp
14046,10 8410,10-8410-8411-8420-8421-apex-group-box-Ebay-28.webp
14045,10 8411,10-8410-8411-8420-8421-apex-group-box-Ebay-25.webp
14049,10 8420,10-8410-8411-8420-8421-apex-group-box-Ebay-27.webp
14048,10 8421,10-8410-8411-8420-8421-apex-group-box-Ebay-26.webp
14075,10 9010,10-9000-90109020-apex-group-Ebay.webp
14076,10 9020,10-9000-90109020-apex-group-Ebay.webp
14078,10 9030,10-9030-9031-9040-9050-apex-group-box-Ebay-16.webp
14074,10 9040,10-9030-9031-9040-9050-apex-group-box-Ebay-18.webp
14070,10 9050,10-9030-9031-9040-9050-apex-group-box-Ebay-19.webp
14079,10 9100,10-9100-9110-apex-group-box-Ebay-10.webp
14080,10 9110,10-9100-9110-apex-group-box-Ebay-11.webp
14081,10 9120,10-9120-9130-apex-group-box-Ebay-10.webp
14082,10 9130,10-9120-9130-apex-group-box-Ebay-11.webp
14189,100 2000,Apex-generic-placeholder-image-24.webp
14023,11 1000,11-1000-apex-box-Ebay-13.webp
14024,11 7010,11-7010-apex-group-Ebay.webp
14025,11 7050,11-7050-7051-apex-group-box-Ebay.webp
14026,11 7051,11-7050-7051-apex-group-box-Ebay.webp
14029,11 7200,11-7200-apex-group-box-Ebay-7.webp
14208,110 6010,110-6010-apex-group-box-Ebay-4.webp
14207,110 6200,110-6200-apex-group-box-Ebay-4.webp
14209,110 7200,110-7200-apex-group-box-Ebay-4.webp
14248,130 2200,130-2200-apex-group-Ebay-19.webp
14269,130 3020,Apex-generic-placeholder-image-62.webp
14250,130 3040,130-3040-apex-group-Ebay-7.webp
14252,130 3050,130-3050-3051-apex-group-Ebay-16.webp
14251,130 3051,130-3050-3051-apex-group-Ebay-18.webp
14255,130 3200,Apex-generic-placeholder-image-55.webp
14253,130 3210,130-3200-3210-apex-group-Ebay-10.webp
14243,130 4000,130-4000-apex-group-Ebay-4.webp
14246,130 5000,130-5000-apex-group-Ebay-4.webp
14247,130 5010,Apex-generic-placeholder-image-54.webp
14272,140 2000,140-2000-apex-group-Ebay-4.webp
14276,140 2200,140-2200-2250-apex-group-Ebay-7.webp
14273,140 2250,140-2200-2250-apex-group-Ebay-8.webp
14274,140 2400,140-2400-2410-apex-group-Ebay-7.webp
14275,140 2410,140-2400-2410-apex-group-Ebay-8.webp
14241,150 1020,Apex-generic-placeholder-image-52.webp
14232,150 4051,Apex-generic-placeholder-image-47.webp
14228,150 4200,150-4200-4210-apex-group-Ebay-7.webp
14229,150 4210,150-4200-4210-apex-group-Ebay-8.webp
14233,150 4250,150-4250-apex-group-Ebay-4.webp
14230,150 4300,150-4300-4310-4350-apex-group-box-Ebay-10.webp
14231,150 4310,150-4300-4310-4350-apex-group-box-Ebay-11.webp
14234,150 4350,150-4300-4310-4350-apex-group-box-Ebay-12.webp
14235,150 6010,Apex-generic-placeholder-image-48.webp
14236,150 6230,Apex-generic-placeholder-image-49.webp
14237,150 7200,150-7200-7210-apex-group-Ebay-7.webp
14238,150 7210,150-7200-7210-apex-group-Ebay-8.webp
14283,170 2230,Apex-generic-placeholder-image-69.webp
14289,170 5056,Apex-generic-placeholder-image-71.webp
14171,180 2230,180-2200-2230-apex-group-Ebay.webp
14090,20 1030,20-1030-apex-group-box-Ebay-4.webp
14088,20 1035,20-1035-apex-group-box-Ebay-4.webp
14093,20 1200,20-1200-1210-apex-group-Ebay-19.webp
14089,20 1210,20-1200-1210-apex-group-Ebay-20.webp
14094,20 1250,20-1250-apex-group-box-Ebay-10.webp
14099,20 1400,20-1400-apex-group-box-Ebay-13.webp
14087,20 1420,20-1420-apex-group-box-Ebay-7.webp
14102,20 1430,20-1430-40-45-50-55-apex-group-box-Ebay-68.webp
14100,20 1440,20-1430-40-45-50-55-apex-group-box-Ebay-64.webp
14103,20 1445,20-1430-40-45-50-55-apex-group-box-Ebay-69.webp
14101,20 1450,20-1430-40-45-50-55-apex-group-box-Ebay-65.webp
14104,20 1455,20-1430-40-45-50-55-apex-group-box-Ebay-70.webp
14106,20 1465,20-1460-65-70-75-apex-group-box-Ebay.webp
14105,20 1475,20-1460-65-70-75-apex-group-box-Ebay.webp
14107,20 1600,20-1600-10-apex-group-box-Ebay-19.webp
14108,20 1610,20-1600-10-apex-group-box-Ebay-20.webp
14110,20 1630,20-1630-40-apex-group-box-Ebay-22.webp
14111,20 1640,20-1630-40-apex-group-box-Ebay-23.webp
14118,20 2050,20-1250-apex-group-box-Ebay-12.webp
14121,20 2200,20-2200-2210-apex-group-box-Ebay.webp
14122,20 2210,20-2200-2210-apex-group-box-Ebay.webp
14199,25 2000,Apex-generic-placeholder-image-25.webp
14202,25 2200,25-2200-apex-group-box-Ebay-10.webp
14363,250 1000,Apex-generic-placeholder-image-111.webp
14364,250 2010,250-2000-2010-apex-group-Ebay-1.webp
14203,260 2000,Apex-generic-placeholder-image-28.webp
14124,290 6000,Apex-generic-placeholder-image-9.webp
14139,30 1010,Apex-generic-placeholder-image-19.webp
14138,30 12200,30-12200-apex-box-Ebay.webp
14136,30 2200,Apex-generic-placeholder-image-17.webp
14137,30 2210,Apex-generic-placeholder-image-18.webp
14134,30 5000,30-5000-apex-group-Ebay.webp
14132,30 5200,30-5200-5230-52201-apex-group-Ebay.webp
14022,30 5230,30-5200-5230-52201-apex-group-Ebay.webp
14030,30 6200,30-6200-6210-apex-group-box-Ebay-16.webp
14031,30 6210,30-6200-6210-apex-group-box-Ebay-17.webp
14135,30 7000,30-7000-apex-group-box-Ebay.webp
14133,30 9000,Apex-generic-placeholder-image-16.webp
14182,310 4000,Apex-generic-placeholder-image-23.webp
14125,340 3000,Apex-generic-placeholder-image-13.webp
14141,40 1011,40-1010-1011-1012-1040-apex-group-box-Ebay.webp
14142,40 1040,40-1010-1011-1012-1040-apex-group-box-Ebay.webp
14140,40 1070,40-1070-apex-group-box-Ebay-7.webp
14162,40 2010,40-2010-apex-group-box-Ebay-4.webp
14163,40 3000,40-3000-apex-group-box-Ebay-32.webp
14143,40 4010,40-1010-1011-1012-1040-apex-group-box-Ebay.webp
14164,40 4200,40-4200-4210-apex-group-box-Ebay-25.webp
14165,40 4210,40-4200-4210-apex-group-box-Ebay-29.webp
14166,40 4300,40-3000-apex-group-box-Ebay-25.webp
14145,40 4400,40-4400-apex-group-box-Ebay-13.webp
14146,40 4500,40-4500-apex-group-Ebay.webp
14159,40 7011,40-1011-1040-apex-group-box-Ebay-7.webp
14160,40 7210,40-7210-apex-group-box-Ebay-7.webp
14161,40 7230,40-7230-apex-group-box-Ebay-7.webp
14147,40 8010,40-8010-apex-group-box-Ebay-7.webp
14148,40 8040,40-8040-apex-group-box-Ebay-4.webp
14167,40 8200,40-8200-apex-group-box-Ebay-7.webp
14168,40 8210,40-8210-apex-group-box-Ebay-16.webp
14169,40 8220,40-8220-apex-group-box-Ebay-4.webp
14149,40 8500,40-8500-8510-20-30-60-70-apex-group-Ebay.webp
14150,40 8510,40-8500-8510-20-30-60-70-apex-group-Ebay.webp
14151,40 8520,40-8500-8510-20-30-60-70-apex-group-Ebay.webp
14152,40 8530,40-8500-8510-20-30-60-70-apex-group-Ebay.webp
14153,40 8540,40-8540-8550-apex-group-box-Ebay.webp
14154,40 8550,40-8540-8550-apex-group-box-Ebay.webp
14155,40 8560,40-8500-8510-20-30-60-70-apex-group-Ebay.webp
14156,40 8570,40-8500-8510-20-30-60-70-apex-group-Ebay.webp
14157,40 8580,Apex-generic-placeholder-image-21.webp
14194,50 1000,50-1000-apex-group-box-Ebay-4.webp
14195,50 6030,50-6030-apex-group-box-Ebay-7.webp
14197,50 6200,60-6200-6210-apex-group-Ebay-88.webp
14211,60 1000,60-1000-apex-group-box-Ebay-7.webp
14212,60 11500,60-11500-11510-apex-group-box-Ebay-67.webp
14213,60 11510,60-11500-11510-apex-group-box-Ebay-69.webp
14293,60 11610,Apex-generic-placeholder-image-30.webp
14300,60 11700,60-11700-apex-group-box-Ebay-7.webp
14303,60 15000,60-15000-15010-apex-group-box-Ebay-79.webp
14304,60 15010,60-15000-15010-apex-group-box-Ebay-80.webp
14210,60 4000,Apex-generic-placeholder-image-29.webp
14294,60 6230,60-6230-apex-group-box-Ebay-25.webp
14295,60 6240,Apex-generic-placeholder-image-31.webp
14216,60 6250,Apex-generic-placeholder-image-34.webp
14217,60 6260,60-6260-apex-group-box-Ebay-10.webp
14123,60 6300,60-6300-apex-group-box-Ebay-13.webp
14299,60 8050,60-8050-apex-group-box-Ebay-7.webp
14306,60 8200,60-8200-apex-group-box-Ebay-4.webp
14305,60 8210,20-2200-2210-apex-group-box-Ebay.webp
14301,60 8280,60-8280-8290-apex-group-box-Ebay-37.webp
14302,60 8290,60-8280-8290-apex-group-box-Ebay-38.webp
14296,60 8300,60-8300-8320-apex-group-box-Ebay-10.webp
14297,60 8320,60-8300-8320-apex-group-box-Ebay-12.webp
14218,60 9050,60-9050-apex-group-box-Ebay-19.webp
14298,60 9070,Apex-generic-placeholder-image-40.webp
14219,70 1000,70-1000-apex-group-box-Ebay-4.webp
14224,70 1010,Apex-generic-placeholder-image-112.webp
14220,70 1050,70-1050-1060-apex-group-box-Ebay-25.webp
14221,70 1060,70-1050-1060-apex-group-box-Ebay-26.webp
14222,70 1200,70-1200-apex-group-box-Ebay-4.webp
14223,70 3020,Apex-generic-placeholder-image-46.webp
14129,70 4000,70-4000-apex-group-box-Ebay-10.webp
14226,70 4010,70-4010-apex-group-box-Ebay-4.webp
14126,70 4200,70-4200-apex-group-box-Ebay-10.webp
14225,70 6200,70-6200-apex-group-box-Ebay-4.webp
14227,70 6265,70-6265-apex-group-box-Ebay-4.webp
14358,80 0700,80-0700-apex-box-Ebay.webp
14359,80 0800,80-0800-apex-group-box-Ebay.webp
14360,80 0810,80-0800-apex-group-box-Ebay.webp
14262,80 0820,80-0800-apex-group-box-Ebay.webp
14361,80 0830,80-0800-apex-group-box-Ebay.webp
14320,80 1000,80-1000-apex-group-box-Ebay-4.webp
14321,80 2000,80-2000-apex-group-box-Ebay-4.webp
14322,80 2010,80-2010-apex-group-box-Ebay-4.webp
14347,80 3060,Apex-generic-placeholder-image-100.webp
14362,80 3200,80-3200-apex-group-box-Ebay.webp
14263,80 4235,80-4230-4235-apex-group-box-Ebay-8.webp
14268,80 4240,80-4240-4245-apex-group-box-Ebay-1.webp
14264,80 4245,80-4240-4245-apex-group-box-Ebay-2.webp
14265,80 4250,Apex-generic-placeholder-image-102.webp
14266,80 4255,80-4255-apex-group-box-Ebay-4.webp
14318,80 6010,80-6010-apex-group-box-Ebay-7.webp
14256,80 7000,80-7000-7010-apex-group-box-Ebay-19.webp
14257,80 7010,80-7000-7010-apex-group-box-Ebay-24.webp
14307,80 7020,80-7020-7025-apex-group-box-Ebay-7.webp
14308,80 7025,80-7020-7025-apex-group-box-Ebay-8.webp
14326,80 7030,80-7030-apex-group-box-Ebay-4.webp
14035,80 7040,80-7030-7040-group-Ebay.webp
14310,80 7050,Apex-generic-placeholder-image-79.webp
14311,80 7051,Apex-generic-placeholder-image-82.webp
14313,80 7060,Apex-generic-placeholder-image-85.webp
14314,80 7061,Apex-generic-placeholder-image-88.webp
14309,80 7070,Apex-generic-placeholder-image-78.webp
14312,80 7080,Apex-generic-placeholder-image-64.webp
14315,80 7090,Apex-generic-placeholder-image-65.webp
14261,80 7200,80-7200-apex-group.webp
14332,80 7210,80-7210-apex-group-Ebay-4.webp
14334,80 7220,80-7220-apex-group-box-Ebay-4.webp
14335,80 7230,Apex-generic-placeholder-image-53.webp
14356,80 7235,Apex-generic-placeholder-image-109.webp
14337,80 7240,80-7240-apex-group-Ebay-40.webp
14357,80 7245,Apex-generic-placeholder-image-110.webp
14254,80 7250,80-7250-apex-group-Ebay-4.webp
14333,80 7260,80-7260-apex-group-box-Ebay-4.webp
14345,80 7300,80-7300-apex-group-Ebay-4.webp
14346,80 7310,Apex-generic-placeholder-image-99.webp
14316,80 7400,80-7400-apex-box-Ebay-4.webp
14317,80 7410,Apex-generic-placeholder-image-91.webp
14338,80 7600,80-7600-apex-group-Ebay-4.webp
14339,80 7610,Apex-generic-placeholder-image-97.webp
14340,80 7650,80-7650-apex-group-Ebay-4.webp
14044,80 7800,80-7800-apex-group-Ebay-13.webp
14042,80 7810,80-7811-7820-7821-apex-group-Ebay.webp
14041,80 7811,80-7811-7820-7821-apex-group-Ebay.webp
14043,80 7820,80-7811-7820-7821-apex-group-Ebay.webp
14040,80 7821,80-7811-7820-7821-apex-group-Ebay.webp
14341,80 7850,80-7850-apex-group-Ebay-4.webp
14342,80 7851,Apex-generic-placeholder-image-98.webp
14355,80 8000,80-8000-apex-group-Ebay-7.webp
14244,80 9000,80-9000-9010-9020-apex-group-Ebay.webp
14245,80 9010,80-9000-9010-9020-apex-group-Ebay.webp
14319,80 9020,80-9000-9010-9020-apex-group-Ebay.webp
14249,80 9050,80-9050-apex-group-box-Ebay-7.webp
14258,80 9200,80-9200-apex-group-box-Ebay-10.webp
14353,80 9300,80-9300-9310-apex-group-Ebay-7.webp
14354,80 9310,80-9300-9310-apex-group-Ebay-8.webp
14325,80-7070,Apex-generic-placeholder-image-78.webp
14327,80-7090,Apex-generic-placeholder-image-65.webp
14328,80-7200,80-7200-apex-group.webp
14329,80-7210,80-7210-apex-group-Ebay-4.webp
14330,80-7220,80-7220-apex-group-box-Ebay-4.webp
14331,80-7230,Apex-generic-placeholder-image-53.webp
14939,8750-1105L,KONI-dampers-generic-placeholder-image-20.webp
14940,8750-1105R,KONI-dampers-generic-placeholder-image-21.webp
15263,8750-1108,8750-1108-KONI-pair-1.webp
15079,8850-1008,8850-1008-KONI-pair-1.webp
15080,8850-1009,8850-1009-KONI-pair-1.webp
15073,8850-1045,KONI-dampers-generic-placeholder-image-1.webp
15067,8850-1047,8850-1047-KONI-pair-1.webp
15068,8850-1048,8850-1048-KONI-pair-1.webp
15077,8850-1050,KONI-dampers-generic-placeholder-image-2.webp
16020,8850-1053,8850-1053-KONI-pair-1.webp
16021,8850-1054,8850-1054-KONI-pair-1.webp
14972,CH-LT1325,Damper-Sets-2024-LT-series-web.webp
14975,CH-LT1326,Damper-Sets-2024-LT-series-web.webp
14976,CH-LT1327,Damper-Sets-2024-LT-series-web.webp
14970,CH-LT1328,Damper-Sets-2024-LT-series-web.webp
14978,CH-LT1329,Damper-Sets-2024-LT-series-web.webp
14965,CH-LT1345,Damper-Sets-2024-LT-series-web.webp
14967,CH-LT1346,Damper-Sets-2024-LT-series-web.webp
15291,FO-HT1043,Damper-Sets-2024-heavy-track-web.webp
15294,FO-HT1044,Damper-Sets-2024-heavy-track-web.webp
15206,FO-LT1395,Damper-Sets-2024-LT-series-web.webp
15209,FO-LT1397,Damper-Sets-2024-LT-series-web.webp
15392,IS-HT1359,Damper-Sets-2024-heavy-track-web.webp
15449,JE-HT1037,Damper-Sets-2024-heavy-track-web.webp
15443,JE-HT1045,Damper-Sets-2024-heavy-track-web.webp
15431,JE-HT1053,Damper-Sets-2024-heavy-track-web.webp
15434,JE-HT1054,Damper-Sets-2024-heavy-track-web.webp
15446,JE-HT1058,Damper-Sets-2024-heavy-track-web.webp
15440,JE-HT1059,Damper-Sets-2024-heavy-track-web.webp
15475,LA-HT1004,Damper-Sets-2024-heavy-track-web.webp
15492,LA-HT1046,Damper-Sets-2024-heavy-track-web.webp
15485,LA-HT1047,Damper-Sets-2024-heavy-track-web.webp
15478,LA-HT1048,Damper-Sets-2024-heavy-track-web.webp
15481,LA-RD1004,Damper-Sets-2024-HT-raid-web.webp
15495,LA-RD1063,Damper-Sets-2024-HT-raid-web.webp
15663,ME-HT1051,Damper-Sets-2024-heavy-track-web.webp
15668,ME-HT1052,Damper-Sets-2024-heavy-track-web.webp
15826,NI-HT1005,Damper-Sets-2024-heavy-track-web.webp
15722,NI-HT1041,Damper-Sets-2024-heavy-track-web.webp
15818,NI-HT1042,Damper-Sets-2024-heavy-track-web.webp
15833,NI-HT1315,Damper-Sets-2024-heavy-track-web.webp
16151,SZ-HT1016,Damper-Sets-2024-heavy-track-web.webp
16217,TO-HT1039,Damper-Sets-2024-heavy-track-web.webp
16253,TO-HT1040,Damper-Sets-2024-heavy-track-web.webp
16211,TO-HT1049,Damper-Sets-2024-heavy-track-web.webp
16238,TO-HT1315,Damper-Sets-2024-heavy-track-web.webp
15501,TO-RD1039,Damper-Sets-2024-HT-raid-web.webp
16247,TO-RD1309,Damper-Sets-2024-HT-raid-web.webp
16241,TO-RD1315,Damper-Sets-2024-HT-raid-web.webp
